sppcode,merge_status,merge_code,Genus,Species,Family,CommonName,USDACode,notes
AGRREP,Absolute,ELYREP,Agropyron,repens,Poaceae,quackgrass,ELRE4,
AGRTRA,Absolute,ELYTRA,Agrostis,transcaspica,Poaceae,,AGTR10,
ANDSCO,Absolute,SCHSCO,Andropogon,scoparium,Poaceae,little bluestem,SCSC,
ARAGLA,Absolute,TURGLA,Arabis,glabra,Brassicaceae,tower rockcress,ARGL,
ARALYR,Absolute,ARBLYR,Arabis,lyrata,Brassicaceae,lyrate rockcress,ARLY2,
ASTDRU,Absolute,SYMDRU,Aster,drummondii,Asteraceae,Drummond's aster,SYDRD,
ASTLAT,Absolute,SYMLAT,Aster,lateriflorus,Asteraceae,calico aster,SYLAL7,
ASTMAC,Absolute,EURMAC,Aster,macrophyllus,Asteraceae,bigleaf aster,EUMA27,
ASTAZU,Absolute,SYMOOL,Aster,azureus,Asteraceae,skyblue aster,SYOO,
ASTLAE,Absolute,SYMLAE,Aster,laevis,Asteraceae,smooth blue aster,SYLA3,
ASTOBL,Absolute,SYMOBL,Aster,oblongifolium,Asteraceae,aromatic aster,SYOB,
ASTSER,Absolute,SYMSER,Aster,serciceum,Asteraceae,western silver aster,SYSE2,
ASTSHO,Absolute,SYMSHO,Aster,shortii,Asteraceae,Short's aster,SYSH,
BAPLAC,Absolute,BAPALB,Baptisia,lactea,Fabaceae,largeleaf wild indigo,BAALM,
BAPLEN,Absolute,BAPALB,Baptisia,leucantha,Fabaceae,largeleaf wild indigo,BAALM,
BAPLEU,Absolute,BAPBRA,Baptisia,leucophaea,Fabaceae,longbract wild indigo,BABRL2,
BOTMUL,Absolute,SCEMUL,Botrychium,multifidum,Ophioglossaceae,leathery grapefern,BOMU,
BOTVIR,Absolute,BTPVIR,Botrychium,virginianum,Ophioglossaceae,rattlesnake fern,BOVI,
CACATR,Absolute,ARNATR,Cacalia,atriplicifolium,Asteraceae,pale Indian plantain,ARAT,
CACTUB,Absolute,ARNPLA,Cacalia,plantaginea,Asteraceae,groovestem Indian plantain,ARPL4,
CACPLA,Absolute,ARNPLA,Cacalia,plantaginea,Asteraceae,groovestem Indian plantain,ARPL4,
CASFAS,Absolute,CHAFAS,Cassia,fasciculata,Fabaceae,partridge pea,CHFAF,
CORVAR,Absolute,SECVAR,Coronilla,varia,Fabaceae,crownvetch,SEVA4,
CAPSEM,Absolute,CORSEM,Capnoides,sempervirens,Fumariaceae,rock harlequin,COSE5,
ASTUMB,Absolute,DOEUMB,Aster,umbellatus,Asteraceae,,,
SYMUMB,Absolute,DOEUMB,Symphyotrichum,umbellata,Asteraceae,cornel-leaf whitetop,DOIN2,Do we have any SYMUMB anywhere??
EUPPUR,Absolute,EUTPUR,Eupatorium,purpureum,Asteraceae,sweetscented joe pye weed,EUPU21,
EUPRUG,Absolute,AGEALT,Eupatorium,rugosum,Asteraceae,white snakeroot,AGALA,
EUPESU,Absolute,EUPVIR,Euphorbia,esula,Euphorbiaceae,leafy spurge,EUES,
GNAOBT,Absolute,PSEOBT,Gnaphalium,obtusifolium,Asteraceae,rabbit-tobacco,PSOBO,
CROCAN,Absolute,HELCAN,Crocanthemum,canadense,Cistaceae,longbranch frostweed,HECA3,
HELRIG,Absolute,HELPAU,Helianthus,rigidus,Asteraceae,stiff sunflower,HEPAP2,
HEPAME,Absolute,HEPNOB,Hepatica,americana,Ranunculaceae,,,
HEPACU,Absolute,HEPNOB,Hepatica,acutiloba,Ranunculaceae,,,
HERLAN,Absolute,HERMAX,Heracleum,lanatum,Apiaceae,common cowparsnip,HEMA80,
HYSPAT,Absolute,ELYHIS,Hystrix,patula,Poaceae,eastern bottlebrush grass,ELHYH,
ASTLIN,Absolute,IONLIN,Aster,linariifolius,Asteraceae,flaxleaf whitetop aster,IOLI2,
KOECRI,Absolute,KOEMAC,Koeleria,cristata,Poaceae,prairie Junegrass,KOMA,
LONPRO,Absolute,LONRET,Lonicera,prolifera,Caprifoliaceae,grape honeysuckle,LORE5,
LUZCAM,Absolute,LUZMUL,Luzula,campestris,Juncaceae,field woodrush,LUCA2,
LYSQIA,Absolute,LYSQUA,,,,,,
ARESTR,Absolute,MINMIC,Arenaria,stricta,Caryophyllaceae,bog stitchwort,ARST8,
ONOMOL,Absolute,LITONO,Onosmodium,molle,Boraginaceae,soft-hair marbleseed,ONBEB,
PENFLO,Absolute,DASFRU,Pentaphylloides,floribunda,Rosaceae,shrubby cinquefoil,DAFRF,
POLCON,Good,,Polygonum,convolvulus,Polygonaceae,black bindweed,POCO10,
PERVIR,Absolute,POGVIR,Persicaria,virginiana,Polygonaceae,,PEVI13,
POPVIR,Absolute,POPDEL,Populus,virginiana,Salicaceae,,POVI13,
POTARG,Absolute,DRYARG,Potentilla,arguta,Rosaceae,tall cinquefoil,POAR7,
RHAFRA,Absolute,FRAALN,Rhamnus,frangula,Rhamnaceae,glossy buckthorn,FRAL4,
ROBSPE,Absolute,ROBPSE,Robinia,pseudoacacia,Fabaceae,black locust,ROPS,
SANGRE,Absolute,SANODO,Sanicula,gregaria,Apiaceae,clustered blacksnakeroot,SAOD,
SAXPEN,Absolute,MICPEN,Saxifraga,pensylvanica,Saxifragaceae,eastern swamp saxifrage,SAPE8,
SMIRAC,Absolute,MAIRAC,Smilacina,racemosa,Liliaceae,feathery false lily of the valley,MARAR,
SMISTE,Absolute,MAISTE,Smilacina,stellata,Liliaceae,starry false lily of the valley,MAST4,
SMIHER,Absolute,SMILAS,Smilax,herbacea,Smilacaceae,Smooth carrionflower,SMHE,"Smilax herbacea var. lasioneura, if not this var, need new code"
STISPA,Absolute,HESSPA,Stipa,spartea,Poaceae,porcupinegrass,HESP11,
SYMFIR,Absolute,SYMPUN,Symphyotrichum,firmum,Asteraceae,purplestem aster,SYPUP,
SYMSAG,Absolute,SYMURO,Symphyotrichum,sagittifolium,Asteraceae,common blue wood aster,SYCO4,
ASTERI,Absolute,SYMERI,Aster,ericoides,Asteraceae,white heath aster,SYER,
ASTNOV,Absolute,SYMNOV,Aster,novae-angliae,Asteraceae,New England aster,SYNO2,
ASTURO,Absolute,SYMURO,Aster,urophyllus,Asteraceae,white arrowleaf aster,ASUR2,
TALRUG,Absolute,PHERUG,Talinum,rugospermum,Portulacaceae,prairie fameflower,PHRU8,
VIOCON,Absolute,VIOLAB,Viola,conspersa,Violaceae,alpine violet,VILA10,
VIOOBL,Absolute,VIOCUC,Viola,obliqua,Violaceae,marsh blue violet,VICU,
CORFOE,Absolute,CORRAC,Cornus,foemina,Cornaceae,stiff dogwood,,
CYPPUB,Absolute,CYPPAR,Cypripedium,pubescens,Orchidaceae,,CYPU10,
PARINS,Absolute,PARQUI,Parthenocissus,inserta,Vitaceae,Virginia creeper,PAIN10,
DICPER,Absolute,DICLIN,Dichanthelium,perlongum,Poaceae,,,
DRYTHP,Absolute,THEPAL,Dryopteris,thelypteris,Thelypteridaceae,,,
ANISPP,Absolute,ANTSPP,,,,,,
SMILAC,Absolute,SMILAS,,,,,,
EYLCAN,Absolute,ELYCAN,,,,,,
PEGDIG,Absolute,PENDIG,,,,,,
RUBIDE,Absolute,RUBIDA,,,,,,
ELYHIS,Absolute,ELYHYS,,,,,,
GALASP,Absolute,GALAPA,,,,,,
GENQUL,Absolute,GENQUI,,,,,,
HUERIC,Absolute,HEURIC,,,,,,
MONPUL,Absolute,MONPUN,,,,,,
BROMUS,Absolute,BROSPP,,,,,,
CARARV,Absolute,CIRARV,,,,,,
VIOPAA,Absolute,VIOPED,,,,,,
OSMCLN,Absolute,OSUCLA,,,,,,
FESCUE,Absolute,FESSPP,,,,,,
RANRAC,Absolute,RANREC,,,,,,
MYRINC,delete,,,,,,,no species name can be found
AMESPP,Genus only,AMESPP,Amelanchier,spp.,Rosaceae,serviceberry,AMELA,
ANTSPP,Genus only,ANTSPP,Antennaria,spp.,Asteraceae,pussytoes,ANTEN,
AURSPP,Genus only,AURSPP,Aureolaria,spp.,Scrophulariaceae,false foxglove,AUREO,
BIDSPP,Genus only,BIDSPP,Bidens,spp.,Asteraceae,beggarticks,BIDEN,
BROSPP,Genus only,BROSPP,Bromus,spp.,Poaceae,Brome,BROMU,
CARSPP,Genus only,CARSPP,Carex,spp.,Cyperaceae,sedge,CAREX,
CRASPP,Genus only,CRASPP,Crataegus,spp.,Rosaceae,hawthorn,CRATA,
CYPSPP,Genus only,CYPSPP,Cyperus,spp.,Cyperaceae,flatsedge,CYPER,
CYRSPP,Genus only,CYRSPP,,,,,,
DICSPP,Genus only,DICSPP,,,,,,
EQUSPP,Genus only,EQUSPP,Equisetum,spp.,Equisetaceae,horsetail,,
EUOSPP,Genus only,EUOSPP,Euonymus,spp.,Celasteraceae,spindletree,EUONY2,
FESSPP,Genus only,FESSPP,Festuca,spp.,Poaceae,fescue,FESTU,
HELSPP,Genus only,HELSPP,Helianthemum,spp.,Cistaceae,frostweed,HELIA2,
LACSPP,Genus only,LACSPP,Lactuca,spp.,Asteraceae,lettuce,LACTU,
MUHSPP,Genus only,MUHSPP,Muhlenbergia,spp.,Poaceae,muhly,MUHLE,
PARSPP,Genus only,PARSPP,Parthenocissus,spp.,Vitaceae,creeper,PARTH3,
PHYSPP,Genus only,PHYSPP,Physalis,spp.,Solanaceae,groundcherry,PHYSA,
POASPP,Genus only,POASPP,Poa,spp.,Poaceae,bluegrass,POA,
PERSPP,Genus only,PERSPP,Polygala,spp.,Polygalaceae,polygala,POLYG,
POLSPP,Genus only,POLSPP,Polystichum,spp.,Dryopteridaceae,hollyfern,POLYS,
ROBSPP,Genus only,ROBSPP,Robinia,spp.,Fabaceae,locust,ROBIN,
ROSSPP,Genus only,ROSSPP,Rosa,spp.,Rosaceae,rose,ROSA5,
RUBSPP,Genus only,RUBSPP,Rubus,spp.,Rosaceae,blackberry,RUBUS,
SALSPP,Genus only,SALSPP,Salix,spp.,Salicaceae,willow,,
SANSPP,Genus only,SANSPP,Sanicula,spp.,Apiaceae,sanicle,SANIC,
SETSPP,Genus only,SETSPP,Setaria,spp.,Poaceae,bristlegrass,SETAR,
TARSPP,Genus only,TARSPP,Taraxacum,spp.,Asteraceae,dandelion,,
TRASPP,Genus only,TRASPP,Tragopogon,spp.,Asteraceae,goatsbeard,TRAGO,
ULMSPP,Genus only,ULMSPP,Ulmus,spp.,Ulmaceae,elm,ULMUS,
VIOSPP,Genus only,VIOSPP,Viola,spp.,Violaceae,violet,VIOLA,
VITSPP,Genus only,VITSPP,Vitis,spp.,Vitaceae,grape,VITIS,
ABUTHE,Good,,Abutilon,theophrasti,Malvaceae,velvetleaf,ABTH,
ACENEG,Good,,Acer,negundo,Aceraceae,boxelder,ACNE2,
ACERUB,Good,,Acer,rubrum,Sapindaceae,red maple,ACRU,
ACESAH,Good,,Acer,saccharinum,Aceraceae,silver maple,ACSA2,"Nov 2017 recognized duplicate code, change silver maple (ACESAC) to ACESAH"
ACESAC,Good,,Acer,saccharum,Aceraceae,sugar maple,ACSA3,
ACHMIL,Good,,Achillea,millefolium,Asteraceae,common yarrow,ACMI2,
ACTPAC,Good,,Actaea,pachypoda,Ranunculaceae,white baneberry,ACPA,
ACTRUB,Good,,Actaea,rubra,Ranunculaceae,red baneberry,ACRU2,
ADIPED,Good,,Adiantum,pedatum,Pteridaceae,Northern maidenhair,ADPE,
AESGLA,Good,,Aesculus,glabra,Hippocastanaceae,Ohio buckeye,AEGL,
AGAPUR,Good,,Agalinis,purpurea,Scrophulariaceae,purple false foxglove,AGPU5,
AGRGRY,Good,,Agrimonia,gryposepala,Rosaceae,tall hairy agrimony,AGGR2,
AGRGIG,Good,,Agrostis,gigantea,Poaceae,redtop,AGGI2,
ALLPET,Good,,Alliaria,petiolata,Brassicaceae,garlic mustard,ALPE4,
ALLCAN,Good,,Allium,canadense,Liliaceae,meadow garlic,ALCA3,
ALLCER,Good,,Allium,cernuum,Liliaceae,nodding onion,ALCE2,
ALLSTE,Good,,Allium,stellatum,Liliaceae,autumn onion,ALST,
AMABLI,Good,,Amaranthus,blitoides,Amaranthaceae,mat amaranth,AMBL,
AMBART,Good,,Ambrosia,artemisiifolia,Asteraceae,annual ragweed,AMAR2,
AMBPSI,Good,,Ambrosia,psilostachya,Asteraceae,Cuman ragweed,AMPS,
AMBTRI,Good,,Ambrosia,trifida,Asteraceae,great ragweed,AMTR,
AMEINT,Good,,Amelanchier,interior,Rosaceae,inland serviceberry,AMIN2,
AMOCAN,Good,,Amorpha,canescens,Fabaceae,leadplant,AMCA6,
AMOFRU,Good,,Amorpha,fruticosa,Fabaceae,false indigo bush,AMFR,
AMPBRA,Good,,Amphicarpaea,bracteata,Fabaceae,American hogpeanut,AMBR2,
ANDGER,Good,,Andropogon,gerardii,Poaceae,big bluestem,ANGE,
SCHSCO,Good,,Schizachyrium,scoparium,Poaceae,little bluestem,SCSC,
ANECAN,Good,,Anemone,canadensis,Ranunculaceae,Canadian anemone,ANCA8,
ANECYL,Good,,Anemone,cylindrica,Ranunculaceae,candle anemone,ANCY,
ANEPAT,Good,,Anemone,patens,Ranunculaceae,cutleaf anemone,PUPAM,
ANEQUI,Good,,Anemone,quinquefolia,Ranunculaceae,wood anemone,ANQU,
ANEVIR,Good,,Anemone,virginiana,Ranunculaceae,tall thimbleweed,ANVI3,
ANGATR,Good,,Angelica,atropurpurea,Apiaceae,purplestem angelica,ANAT,
ANTPAR,Good,,Antennaria,parlinii,Asteraceae,parlin's pussytoes,ANPA9,
APIAME,Good,,Apios,americana,Fabaceae,groundnut,APAM,
APOAND,Good,,Apocynum,androsaemifolium,Apocynaceae,spreading dogbane,APAN2,
APOCAN,Good,,Apocynum,cannabinum,Apocynaceae,Indianhemp,APCA,
AQUCAN,Good,,Aquilegia,canadensis,Ranunculaceae,red columbine,AQCA,
TURGLA,Good,,Turritis,glabra,Brassicaceae,tower rockcress,ARGL,
ARBLYR,Good,,Arabidopsis,lyrata,Brassicaceae,lyrate rockcress,ARLY2,
ARANUD,Good,,Aralia,nudicaulis,Araliaceae,wild sarsaparilla,ARNU2,
ARCMIN,Good,,Arctium,minus,Asteraceae,lesser burdock,ARMI2,
ARCUVA,Good,,Arctostaphylos,uva-ursi,Ericaceae,kinnikinnick,ARUV,
ARITRI,Good,,Arisaema,triphyllum,Araceae,Jack in the pulpit,ARTR,
ARNATR,Good,,Arnoglossum,atriplicifolium,Asteraceae,pale Indian plantain,ARAT,
ARNPLA,Good,,Arnoglossum,plantagineum,Asteraceae,groovestem Indian plantain,ARPL4,
AROMEL,Good,,Aronia,melanocarpa,Rosaceae,black chokeberry,PHME13,
ARTCAM,Good,,Artemisia,campestris,Asteraceae,field sagewort,ARCA12,
ARTFRI,Good,,Artemisia,frigida,Asteraceae,prairie sagewort,ARFR4,
ARTLUD,Good,,Artemisia,ludoviciana,Asteraceae,white sagebrush,ARLU,
ARTSER,Good,,Artemisia,serrata,Asteraceae,sawtooth wormwood,ARSE4,
ASCAMP,Good,,Asclepias,amplexicaulis,Asclepiadaceae,clasping milkweed,ASAM,
ASCEXA,Good,,Asclepias,exaltata,Asclepiadaceae,poke milkweed,ASEX,
ASCHIR,Good,,Asclepias,hirtella,Asclepiadaceae,green milkweed,ASHI,
ASCINC,Good,,Asclepias,incarnata,Asclepiadaceae,swamp milkweed,ASIN,
ASCLAN,Good,,Asclepias,lanuginosa,Asclepiadaceae,sidecluster milkweed,ASLA3,
ASCOVA,Good,,Asclepias,ovalifolia,Asclepiadaceae,oval-leaf milkweed,ASOV,
ASCPUR,Good,,Asclepias,purpurascens,Asclepiadaceae,purple milkweed,ASPU2,
ASCSUL,Good,,Asclepias,sullivantii,Asclepiadaceae,prairie milkweed,ASSU3,
ASCSYR,Good,,Asclepias,syriaca,Asclepiadaceae,common milkweed,ASSY,
ASCTUB,Good,,Asclepias,tuberosa,Asclepiadaceae,butterfly milkweed,ASTU,
ASCVER,Good,,Asclepias,verticillata,Asclepiadaceae,whorled milkweed,ASVE,
ASCVIR,Good,,Asclepias,viridiflora,Asclepiadaceae,green comet milkweed,ASVI,
ASPOFF,Good,,Asparagus,officinalis,Liliaceae,garden asparagus,ASOF,
SYMOOL,Good,,Symphyotrichum,oolentangiense,Asteraceae,skyblue aster,SYOO,
SYMDRU,Good,,Symphyotrichum,drummondii,Asteraceae,Drummond's aster,SYDRD,
SYMLAE,Good,,Symphyotrichum,laeve,Asteraceae,smooth blue aster,SYLA3,
SYMLAT,Good,,Symphyotrichum,lateriflorum,Asteraceae,calico aster,SYLAL7,
EURMAC,Good,,Eurybia,macrophylla,Asteraceae,bigleaf aster,EUMA27,
SYMOBL,Good,,Symphyotrichum,oblongifolium,Asteraceae,aromatic aster,SYOB,
SYMSER,Good,,Symphyotrichum,sericeum,Asteraceae,western silver aster,SYSE2,
SYMSHO,Good,,Symphyotrichum,shortii,Asteraceae,Short's aster,SYSH,
ASTCAN,Good,,Astragalus,canadensis,Fabaceae,Canadian milkvetch,ASCA11,
ATHFIL,Good,,Athyrium,filix-femina,Dryopteridaceae,common ladyfern,ATFI,
AURFLA,Good,,Aureolaria,flava,Scrophulariaceae,smooth yellow false foxglove,AUFL,
AURGRA,Good,,Aureolaria,grandiflora,Scrophulariaceae,largeflower yellow false foxglove,AUGR,
BAPALB,Good,,Baptisia,alba,Fabaceae,white wild indigo,BAAL,
BAPBRA,Good,,Baptisia,bracteata,Fabaceae,longbract wild indigo,BABR2,
BARVUL,Good,,Barbarea,vulgaris,Brassicaceae,garden yellowrocket,BAVU,
BERTHU,Good,,Berberis,thunbergii,Berberidaceae,Japanese barberry,BETH,
BERINC,Good,,Berteroa,incana,Brassicaceae,hoary alyssum,BEIN2,
BESBUL,Good,,Besseya,bullii,Scrophulariaceae,Bull's coraldrops,BEBU,
BETPAP,Good,,Betula,papyrifera,Betulaceae,paper birch,BEPA,
BIDFRO,Good,,Bidens,frondosa,Asteraceae,devil's beggartick,BIFR,
BIDVUL,Good,,Bidens,vulgata,Asteraceae,big devils beggartick,BIVU,
BLECIL,Good,,Blephilia,ciliata,Lamiaceae,downy pagoda-plant,BLCI,
SCEMUL,Good,,Sceptridium,multifidium,Ophioglossaceae,leathery grapefern,BOMU,
BTPVIR,Good,,Botrypus,virginianus,Ophioglossaceae,rattlesnake fern,BOVI,
BOUCUR,Good,,Bouteloua,curtipendula,Poaceae,sideoats grama,BOCU,
BOUHIR,Good,,Bouteloua,hirsuta,Poaceae,hairy grama,BOHI2,
BRIEUP,Good,,Brickellia,eupatorioides,Asteraceae,false boneset,BREU,
BROINE,Good,,Bromus,inermis,Poaceae,smooth brome,BRIN2,
BROKAL,Good,,Bromus,kalmii,Poaceae,arctic brome,BRKA2,
CALCAN,Good,,Calamagrostis,canadensis,Poaceae,bluejoint,CACA4,
CALTRI,Good,,Callirhoe,triangulata,Malvaceae,clustered poppymallow,CATR,
CALSEP,Good,,Calystegia,sepium,Convolvulaceae,hedge false bindweed,CASE13,
CAMAME,Good,,Campanula,americana,Campanulaceae,American bellflower,CAAM18,
CAMROT,Good,,Campanula,rotundifolia,Campanulaceae,bluebell bellflower,CARO2,
CARBUL,Good,,Cardamine,bulbosa,Brassicaceae,bulbous bittercress,CABU3,
CARACA,Good,,Carduus,acanthoides,Asteraceae,spiny plumeless thistle,CAAC,
CARBLA,Good,,Carex,blanda,Cyperaceae,eastern woodland sedge,CABL,
CARCEP,Good,,Carex,cephalophora,Cyperaceae,oval-leaf sedge,CACE,
CARCON,Good,,Carex,convoluta,Cyperaceae,rosy sedge,CARO22,
CARLAX,Good,,Carex,laxiflora,Cyperaceae,broad looseflower sedge,CALA19,
CARMEA,Good,,Carex,meadii,Cyperaceae,Mead's sedge,CAME2,
CARMUH,Good,,Carex,muehlenbergii,Cyperaceae,Muhlenberg's sedge,CAMU4,
CARPAU,Good,,Carex,pauciflora,Cyperaceae,fewflower sedge,CAPA19,
CARPEN,Good,,Carex,pensylvanica,Cyperaceae,Pennsylvania sedge,CAPE6,
CARCOR,Good,,Carya,cordiformis,Juglandaceae,bitternut hickory,CACO15,
CAROVA,Good,,Carya,ovata,Juglandaceae,shagbark hickory,CAOV2,
CHAFAS,Good,,Chamaecrista,fasciculata,Fabaceae,partridge pea,CHFAF,
CASSES,Good,,Castilleja,sessiliflora,Scrophulariaceae,downy paintedcup,CASE5,
CAUTHA,Good,,Caulophyllum,thalictroides,Berberidaceae,blue cohosh,CATH2,
CEAAME,Good,,Ceanothus,americanus,Rhamnaceae,New Jersey tea,CEAM,
CEAHER,Good,,Ceanothus,herbaceus,Rhamnaceae,Jersey tea,CEHE,
CELORB,Good,,Celastrus,orbiculatus,Celasteraceae,oriental bittersweet,CEOR7,
CELSCA,Good,,Celastrus,scandens,Celastraceae,American bittersweet,CESC,
CELOCC,Good,,Celtis,occidentalis,Ulmaceae,common hackberry,CEOC,
CENSTO,Good,,Centaurea,stoebe,Asteraceae,spotted knapweed,CEST8,
CERNUT,Good,,Cerastium,nutans,Caryophyllaceae,nodding chickweed,CENU2,
CHEALB,Good,,Chenopodium,album,Chenopodiaceae,lambsquarters,CHAL7,
CHIUMB,Good,,Chimaphila,umbellata,Pyrolaceae,pipsissewa,CHUM,
CICINT,Good,,Cichorium,intybus,Asteraceae,chicory,CIIN,
CICMAC,Good,,Cicuta,maculata,Apiaceae,spotted water hemlock,CIMA2,
CIRLUT,Good,,Circaea,lutetiana,Onagraceae,broadleaf enchanter's nightshade,CILU,
CIRALT,Good,,Cirsium,altissimum,Asteraceae,tall thistle,CIAL2,
CIRARV,Good,,Cirsium,arvense,Asteraceae,Canada thistle,CIAR4,
CIRCAN,Good,,Cirsium,canescens,Asteraceae,prairie thistle,CICA11,
CIRDIS,Good,,Cirsium,discolor,Asteraceae,field thistle,CIDI,
CIRHIL,Good,,Cirsium,hillii,Asteraceae,Hill's thistle,CIHI,
CIRMUT,Good,,Cirsium,muticum,Asteraceae,swamp thistle,CIMU,
CIRVUL,Good,,Cirsium,vulgare,Asteraceae,bull thistle,CIVU,
CLEVIR,Good,,Clematis,virginiana,Ranunculaceae,devil's darning needles,CLVI5,
COMUMB,Good,,Comandra,umbellata,Santalaceae,bastard toadflax,COUM,
CONMAC,Good,,Conium,maculatum,Apiaceae,poison hemlock,COMA2,
CONCAN,Good,,Conyza,canadensis,Asteraceae,Canadian horseweed,COCA5,
CORPAL,Good,,Coreopsis,palmata,Asteraceae,stiff tickseed,COPA10,
CORALT,Good,,Cornus,alternifolia,Cornaceae,alternateleaf dogwood,COAL2,
CORRAC,Good,,Cornus,racemosa,Cornaceae,gray dogwood,CORA6,
CORRUG,Good,,Cornus,rugosa,Cornaceae,roundleaf dogwood,CORU,
SECVAR,Good,,Securigera,varia,Fabaceae,crownvetch,SEVA4,
CORSEM,Good,,Corydalis,sempervirens,Fumariaceae,rock harlequin,COSE5,
CORAME,Good,,Corylus,americana,Betulaceae,American hazelnut,COAM3,
CRYCAN,Good,,Cryptotaenia,canadensis,Apiaceae,canadian honewort,CRCA9,
CYPCAN,Good,,Cypripedium,candidum,Orchidaceae,white lady's slipper,CYCA5,
CYPPAR,Good,,Cypripedium,parviflorum,Orchidaceae,lesser yellow lady's slipper,CYPA19,
CYPPUB,Good,,Cypripedium,pubescens,Orchidaceae,greater yellow lady's slipper,CYPAP3,
CYSBUL,Good,,Cystopteris,bulbifera,Dryopteridaceae,bulblet bladderfern,CYBU3,
CYSFRA,Good,,Cystopteris,fragilis,Dryopteridaceae,brittle bladderfern,CYFR2,
DALCAN,Good,,Dalea,candida,Fabaceae,white prairie clover,DACA7,
DALPUR,Good,,Dalea,purpurea,Fabaceae,purple prairie clover,DAPU5,
DANSPI,Good,,Danthonia,spicata,Poaceae,poverty oatgrass,DASP2,
DAUCAR,Good,,Daucus,carota,Apiaceae,Queen Anne's lace,DACA6,
DELCAR,Good,,Delphinium,carolinianum,Ranunculaceae,Carolina larkspur,DECA3,
DESPIN,Good,,Descurainia,pinnata,Brassicaceae,western tansymustard,DEPI,
DESCAN,Good,,Desmodium,canadense,Fabaceae,showy ticktrefoil,DECA7,
DESGLU,Good,,Desmodium,glutinosum,Fabaceae,pointedleaf ticktrefoil,DEGL5,
DESILL,Good,,Desmodium,illinoense,Fabaceae,Illinois ticktrefoil,DEIL2,
DIAARM,Good,,Dianthus,armeria,Caryophyllaceae,Deptford pink,DIAR,
DICACU,Good,,Dichanthelium,acuminatum,Poaceae,tapered rosette grass,DIAC2,
DICLAT,Good,,Dichanthelium,latifolium,Poaceae,broadleaf rosette grass,DILA8,
DICLEI,Good,,Dichanthelium,leibergii,Poaceae,Leiberg's panicum,DILE2,
DICLIN,Good,,Dichanthelium,linearifolium,Poaceae,slimleaf panicgrass,DILI2,
DICOLI,Good,,Dichanthelium,oligosanthes,Poaceae,Heller's rosette grass,DIOL,
DICOVA,Good,,Dichanthelium,ovale,Poaceae,eggleaf rosette grass,DIOV,
DIELON,Good,,Diervilla,lonicera,Caprifoliaceae,northern bush honeysuckle,DILO,
DIGCOG,Good,,Digitaria,cognata,Poaceae,fall witchgrass,DICO6,
DIOVIL,Good,,Dioscorea,villosa,Diocoreaceae,wild yam,DIVI4,
DIPFUL,Good,,Dipsacus,fullonum,Dipsacaceae,Fuller's teasel,DIFU2,
DODMEA,Good,,Dodecatheon,meadia,Primulaceae,pride of Ohio,DOME,
DOEUMB,Good,,Doellingeria,umbellata,Asteraceae,parasol whitetop,DOUM2,
DRAREP,Good,,Draba,reptans,Brassicaceae,Carolina draba,DRRE2,
DRYMAR,Good,,Dryopteris,marginalis,Dryopteridaceae,marginal woodfern,DRMA4,
ECHPAL,Good,,Echinacea,pallida,Asteraceae,pale purple coneflower,ECPA,
ECHLOB,Good,,Echinocystis,lobata,Cucurbitaceae,wild cucumber,ECLO,
ELYCAN,Good,,Elymus,canadensis,Poaceae,Canada wildrye,ELCA4,
ELYHYS,Good,,Elymus,hystrix,Poaceae,eastern bottlebrush grass,ELHY,
ELYREP,Good,,Elymus,repens,Poaceae,quackgrass,ELRE4,
ELYTRA,Good,,Elymus,trachycaulus,Poaceae,Slender Wheatgrass,ELTRT,
ELYVIL,Good,,Elymus,villosus,Poaceae,hairy wildrye,ELVI,
ELYVIR,Good,,Elymus,virginicus,Poaceae,Virginia wildrye,ELVI3,
EQUARV,Good,,Equisetum,arvense,Equisetaceae,field horsetail,EQAR,Looks like Laura lumped all Equisetum into genus. Keep separate?
EQUHYE,Good,,Equisetum,hyemale,Equisetaceae,scouringrush horsetail,EQHY,
EQULAE,Good,,Equisetum,laevigatum,Equisetaceae,smooth horsetail,EQLA,
EREHIE,Good,,Erechtites,hieraciifolia,Asteraceae,American burnweed,ERHI12,
ERIPHI,Good,,Erigeron,philadelphicus,Asteraceae,Philadelphia fleabane,ERPH,
ERIPUL,Good,,Erigeron,pulchellus,Asteraceae,robin's plantain,ERPU,
ERISTR,Good,,Erigeron,strigosus,Asteraceae,prairie fleabane,ERST3,
ERYYUC,Good,,Eryngium,yuccifolium,Apiaceae,button eryngo,ERYU,
EUOEUR,Good,,Euonymus,europaeus,Celasteraceae,European spindletree,EUEU7,
EUPALT,Good,,Eupatorium,altissimum,Asteraceae,tall thoroughwort,EUAL3,
EUPPER,Good,,Eupatorium,perfoliatum,Asteraceae,common boneset,EUPE3,
EUTPUR,Good,,Eutrochium,purpureum,Asteraceae,sweetscented joe pye weed,EUPU21,
AGEALT,Good,,Ageratina,altissima,Asteraceae,white snakeroot,AGALA,
EUPCOR,Good,,Euphorbia,corollata,Euphorbiaceae,flowering spurge,EUCO10,
EUPCYP,Good,,Euphorbia,cyparissias,Euphorbiaceae,Cypress spurge,EUCY2,
EUPVIR,Good,,Euphorbia,virgata,Euphorbiaceae,leafy spurge,EUES,
EUTGRA,Good,,Euthamia,graminifolia,Asteraceae,flat-top goldentop,EUGR5,
EUTMAC,Good,,Eutrochium,maculatum,Asteraceae,spotted joe pye weed,EUMA9,
FRAVES,Good,,Fragaria,vesca,Rosaceae,woodland strawberry,FRVE,
FRAVIR,Good,,Fragaria,virginiana,Rosaceae,Virginia strawberry,FRVI,
FRAAME,Good,,Fraxinus,americana,Oleaceae,white ash,FRAM2,
FRAPEN,Good,,Fraxinus,pennsylvanica,Oleaceae,green ash,FRPE,
GALAPA,Good,,Galium,aparine,Rubiaceae,stickywilly,GAAP2,
GALBOR,Good,,Galium,boreale,Rubiaceae,northern bedstraw,GABO2,
GALCON,Good,,Galium,concinnum,Rubiaceae,shining bedstraw,GACO3,
GALTRI,Good,,Galium,trifidum,Rubiaceae,threepetal bedstraw,GATR2,
GAUBIE,Good,,Gaura,biennis,Onagraceae,biennial beeblossom,GABI2,
GAYBAC,Good,,Gaylussacia,baccata,Ericaceae,black huckleberry,GABA,
GENALB,Good,,Gentiana,alba,Gentianaceae,plain gentian,GEAL4,
GENAND,Good,,Gentiana,andrewsii,Gentianaceae,closed bottle gentian,GEAN,
GENPUB,Good,,Gentiana,puberulenta,Gentianaceae,downy gentian,GEPU5,
GENQUI,Good,,Gentianella,quinquefolia,Gentianaceae,agueweed,GEQU2,
GENCRI,Good,,Gentianopsis,crinita,Gentianaceae,greater fringed gentian,GECR2,
GERMAC,Good,,Geranium,maculatum,Geraniaceae,spotted geranium,GEMA,
GEUALE,Good,,Geum,aleppicum,Rosaceae,yellow avens,GEAL3,
GEUCAN,Good,,Geum,canadense,Rosaceae,white avens,GECA7,
GEUTRI,Good,,Geum,triflorum,Rosaceae,old man's whiskers,GETR,
GLEHED,Good,,Glechoma,hederacea,Lamiaceae,ground ivy,GLHE2,
GLYSTR,Good,,Glyceria,striata,Poaceae,fowl mannagrass,GLST,
PSEOBT,Good,,Pseudognaphalium,obtusifolium,Asteraceae,rabbit-tobacco,PSOBO,
GRISQU,Good,,Grindelia,squarrosa,Asteraceae,curlycup gumweed,GRSQ,
HACVIR,Good,,Hackelia,virginiana,Boraginaceae,beggers lice,HAVI2,
HASSUA,Good,,Hasteola,suaveolens,Asteraceae,false Indian plantain,HASU3,
HEDHIS,Good,,Hedeoma,hispida,Lamiaceae,rough false pennyroyal,HEHI,
HELCAN,Good,,Helianthemum,canadense,Cistaceae,longbranch frostweed,HECA3,
HELGIG,Good,,Helianthus,giganteus,Asteraceae,giant sunflower,HEGI,
HELGRO,Good,,Helianthus,grosseserratus,Asteraceae,sawtooth sunflower,HEGR4,
HELOCC,Good,,Helianthus,occidentalis,Asteraceae,fewleaf sunflower,HEOC2,
HELPAU,Good,,Helianthus,pauciflorus,Asteraceae,stiff sunflower,HEPA19,
HELSTR,Good,,Helianthus,strumosus,Asteraceae,paleleaf woodland sunflower,HEST,
HELTUB,Good,,Helianthus,tuberosus,Asteraceae,Jerusalem artichoke,HETU,
HELHEL,Good,,Heliopsis,helianthoides,Asteraceae,smooth oxeye,HEHE5,
HEMFUL,Good,,Hemerocallis,fulva,Liliaceae,orange daylily,HEFU,
HEPNOB,Good,,Hepatica,nobilis,Ranunculaceae,hepatica,HENO2,"there are 2 varieties, var. obtusa, var. acuta, old species refer to these names, but they are lumped"
HERMAX,Good,,Heracleum,maximum,Apiaceae,common cowparsnip,HEMA80,
HESMAT,Good,,Hesperis,matronalis,Brassicaceae,dames rocket,HEMA3,
HEURIC,Good,,Heuchera,richardsonii,Saxifragaceae,Richardson's alumroot,HERI,
HIEAUR,Good,,Hieracium,aurantiacum,Asteraceae,orange hawkweed,HIAU,
HIEKAL,Good,,Hieracium,kalmii,Asteraceae,Kalm's hawkweed,HIKA2,correction seems to be a different species
HIELON,Good,,Hieracium,longipilum,Asteraceae,hairy hawkweed,HILO2,
HIEUMB,Good,,Hieracium,umbellatum,Asteraceae,narrowleaf hawkweed,HIUM,
HOULON,Good,,Houstonia,longifolia,Rubiaceae,longleaf summer bluet,HOLO,
HUDTOM,Good,,Hudsonia,tomentosa,Cistaceae,woolly beachheather,HUTO,
HYDVIR,Good,,Hydrophyllum,virginianum,Hydrophyllaceae,eastern waterleaf,HYVI,
HYPCAN,Good,,Hypericum,canadense,Clusiaceae,lesser Canadian St. Johnswort,HYCA7,
HYPGEN,Good,,Hypericum,gentianoides,Clusiaceae,orangegrass,HYGE,
HYPKAL,Good,,Hypericum,kalmianum,Clusiaceae,Kalm's St. Johnswort,HYKA,
HYPPER,Good,,Hypericum,perforatum,Clusiaceae,common St. Johnswort,HYPE,
HYPPUN,Good,,Hypericum,punctatum,Clusiaceae,spotted St. Johnswort,HYPU,
HYPPYR,Good,,Hypericum,pyramidatum,Clusiaceae,great St. Johnswort,HYAS80,
HYPSPH,Good,,Hypericum,sphaerocarpum,Clusiaceae,roundseed St. Johnswort,HYSP2,
HYPHIR,Good,,Hypoxis,hirsuta,Liliaceae,common goldstar,HYHI2,
IMPCAP,Good,,Impatiens,capensis,Balsaminaceae,jewelweed,IMCA,
IONLIN,Good,,Ionactis,linariifolius,Asteraceae,flaxleaf whitetop aster,IOLI2,
IPOHED,Good,,Ipomoea,hederacea,Convolvulaceae,ivyleaf morning-glory,IPHE,
IRIVIR,Good,,Iris,virginica,Iridaceae,Virginia iris,IRVI,
JUGNIG,Good,,Juglans,nigra,Juglandaceae,black walnut,JUNI,
JUNHOR,Good,,Juniperus,horizontalis,Cupressaceae,creeping juniper,JUHO2,
JUNVIR,Good,,Juniperus,virginiana,Cupressaceae,eastern redcedar,JUVI,
KOEMAC,Good,,Koeleria,macrantha,Poaceae,prairie Junegrass,KOMA,
KRIBIF,Good,,Krigia,biflora,Asteraceae,twoflower dwarfdandelion,KRBI,
LACBIE,Good,,Lactuca,biennis,Asteraceae,tall blue lettuce,LABI,
LACCAN,Good,,Lactuca,canadensis,Asteraceae,Canada lettuce,LACA,
LACLUD,Good,,Lactuca,ludoviciana,Asteraceae,biannual lettuce,LALU,
LACSER,Good,,Lactuca,serriola,Asteraceae,prickly lettuce,LASE,
LAPCAN,Good,,Laportea,canadensis,Urticaceae,Canadian woodnettle,LACA3,
LATOCH,Good,,Lathyrus,ochroleucus,Fabaceae,cream pea,LAOC2,
LATPAL,Good,,Lathyrus,palustris,Fabaceae,marsh pea,LAPA4,
LATVEN,Good,,Lathyrus,venosus,Fabaceae,veiny pea,LAVE,
LECTEN,Good,,Lechea,tenuifolia,Cistaceae,narrowleaf pinweed,LETE,
LEEVIR,Good,,Leersia,virginica,Poaceae,whitegrass,LEVI2,
LEOCAR,Good,,Leonurus,cardiaca,Lamiaceae,common motherwort,LECA2,
LEPCAM,Good,,Lepidium,campestre,Brassicaceae,field pepperweed,LECA5,
LEPDEN,Good,,Lepidium,densiflorum,Brassicaceae,common pepperweed,LEDE,
LEPVIR,Good,,Lepidium,virginicum,Brassicaceae,Virginia pepperweed,LEVI3,
LESCAP,Good,,Lespedeza,capitata,Fabaceae,roundhead lespedeza,LECA8,
LESLEP,Good,,Lespedeza,leptostachya,Fabaceae,prairie lespedeza,LELE5,
LEUVUL,Good,,Leucanthemum,vulgare,Asteraceae,oxeye daisy,LEVU,
LIAASP,Good,,Liatris,aspera,Asteraceae,tall blazing star,LIAS,
LIACYL,Good,,Liatris,cylindracea,Asteraceae,Ontario blazing star,LICY,
LIALIG,Good,,Liatris,ligulistylis,Asteraceae,Rocky Mountain blazing star,LILI,
LIAPYC,Good,,Liatris,pycnostachya,Asteraceae,prairie blazing star,LIPY,
LIASPI,Good,,Liatris,spicata,Asteraceae,dense blazing star,LISP,
LILMIC,Good,,Lilium,michiganense,Liliaceae,Michigan lily,LIMI9,
LILPHI,Good,,Lilium,philadelphicum,Liliaceae,wood lily,LIPH,
LILSUP,Good,,Lilium,superbum,Liliaceae,turk's-cap lily,LISU,
LINVUL,Good,,Linaria,vulgaris,Scrophulariaceae,butter and eggs,LIVU2,
LINSUL,Good,,Linum,sulcatum,Linaceae,grooved flax,LISU4,
LIPLIL,Good,,Liparis,liliifolia,Orchidaceae,brown widelip orchid,LILI3,
LIPLOE,Good,,Liparis,loeselii,Orchidaceae,yellow widelip orchid,LILO,
LITCAN,Good,,Lithospermum,canescens,Boraginaceae,hoary puccoon,LICA12,
LITCAR,Good,,Lithospermum,caroliniense,Boraginaceae,Carolina puccoon,LICA13,
LITINC,Good,,Lithospermum,incisum,Boraginaceae,narrowleaf stoneseed,LIIN2,
LOBSPI,Good,,Lobelia,spicata,Campanulaceae,palespike lobelia,LOSP,
LONBEL,Good,,Lonicera,bella,Caprifoliaceae,showy fly honeysuckle,LOBE,
LONDIO,Good,,Lonicera,dioica,Caprifoliaceae,limber honeysuckle,LODI2,
LONJAP,Good,,Lonicera,japonica,Caprifoliaceae,Japanese honeysuckle,LOJA,
LONMAA,Good,,Lonicera,maackii,Caprifoliaceae,Amur honeysuckle,LOMA6,
LONOBL,Good,,Lonicera,oblongifolia,Caprifoliaceae,swamp fly honeysuckle,LOOB,
LONRET,Good,,Lonicera,reticulata,Caprifoliaceae,grape honeysuckle,LORE5,
LOTCOR,Good,,Lotus,corniculatus,Fabaceae,bird's-foot trefoil,LOCO6,
LUPPER,Good,,Lupinus,perennis,Fabaceae,sundial lupine,LUPE3,
LUZMUL,Good,,Luzula,multiflora,Juncaceae,common woodrush,LUMU2,
LYCAME,Good,,Lycopus,americanus,Lamiaceae,American water horehound,LYAM,
LYCUNI,Good,,Lycopus,uniflorus,Lamiaceae,northern bugleweed,LYUN,
LYSCIL,Good,,Lysimachia,ciliata,Primulaceae,fringed loosestrife,LYCI,
LYSHYB,Good,,Lysimachia,hybrida,Primulaceae,lowland yellow loosestrife,LYHY,
LYSLAN,Good,,Lysimachia,lanceolata,Primulaceae,lanceleaf loosestrife,LYLA,
LYSQUA,Good,,Lysimachia,quadrifolia,Primulaceae,whorled yellow loosestrife,LYQU2,"Species originally called LYSQUA by some observers, but Amy always used LYSQIA"
LYSQRA,Good,,Lysimachia,quadriflora,Primulaceae,smooth loosestrife,LYQU,"Species originally called LYSQUA by some observers, but Amy always used LYSQRA"
LYSTHR,Good,,Lysimachia,thyrsiflora,Primulaceae,tufted loosestrife,LYTH2,
LYTALA,Good,,Lythrum,alatum,Lythraceae,winged lythrum,LYAL4,
LYTSAL,Good,,Lythrum,salicaria,Lythraceae,purple loosestrife,LYSA2,
MAICAN,Good,,Maianthemum,canadense,Liliaceae,Canada mayflower,MACA4,
MAIRAC,Good,,Maianthemum,racemosum,Liliaceae,feathery false lily of the valley,MARA7,
MAISTE,Good,,Maianthemum,stellatum,Liliaceae,starry false lily of the valley,MAST4,
MALIOE,Good,,Malus,ioensis,Rosaceae,prairie crab apple,MAIO,
MEDSAT,Good,,Medicago,sativa,Fabaceae,alfalfa,MESA,
MELALB,Good,,Melilotus,alba,Fabaceae,yellow sweetclover,MEOF,
MENCAN,Good,,Menispermum,canadense,Menispermaceae,common moonseed,MECA3,
MINMIC,Good,,Minuartia,michauxii,Caryophyllaceae,Michaux's stitchwort,MIMIM,
MIRNYC,Good,,Mirabilis,nyctaginea,Nyctaginaceae,heartleaf four o'clock,MINY,
MOELAT,Good,,Moehringia,lateriflora,Caryophyllaceae,bluntleaf sandwort,MOLA6,
MONFIS,Good,,Monarda,fistulosa,Lamiaceae,wild bergamot,MOFI,
MONPUN,Good,,Monarda,punctata,Lamiaceae,spotted beebalm,MOPU,
MONUNI,Good,,Monotropa,uniflora,Monotropaceae,Indianpipe,MOUN3,
MORALB,Good,,Morus,alba,Moraceae,white mulberry,MOAL,
MORRUB,Good,,Morus,rubra,Moraceae,red mulberry,MORU2,
MUHCUS,Good,,Muhlenbergia,cuspidata,Poaceae,plains muhly,MUCU3,
MUHFRO,Good,,Muhlenbergia,frondosa,Poaceae,wirestem muhly,MUFR2,
MUHRAC,Good,,Muhlenbergia,racemosa,Poaceae,marsh muhly,MURA,
MYRGAL,Good,,Myrica,gale,Myricaceae,sweetgale,MYGA,
NAPDIO,Good,,Napaea,dioica,Malvaceae,glademallow,NADI2,
NEPCAT,Good,,Nepeta,cataria,Lamiaceae,catnip,NECA2,
OENBIE,Good,,Oenothera,biennis,Onagraceae,common evening primrose,OEBI,
OENFRU,Good,,Oenothera,fruticosa,Onagraceae,narrowleaf evening primrose,OEFR,
OENPER,Good,,Oenothera,perennis,Onagraceae,little evening primrose,OEPE,
OENRHO,Good,,Oenothera,rhombipetala,Onagraceae,fourpoint evening primrose,OERH,
ONOSEN,Good,,Onoclea,sensibilis,Dryopteridaceae,sensitive fern,ONSE,
LITONO,Good,,Lithospermum,onosmodium,Boraginaceae,soft-hair marbleseed,,
OPUHUM,Good,,Opuntia,humifusa,Cactaceae,devil's-tongue,OPHU,
OPUMAC,Good,,Opuntia,macrorhiza,Cactaceae,twistspine pricklypear,OPMA2,
OROFAS,Good,,Orobanche,fasciculata,Orobanchaceae,clustered broomrape,ORFA,
OROUNI,Good,,Orobanche,uniflora,Orobanchaceae,oneflowered broomrape,ORUN,
OSMCLA,Good,,Osmorhiza,claytonii,Apiaceae,Clayton's sweetroot,OSCL,
OSMLON,Good,,Osmorhiza,longistylis,Apiaceae,longstyle sweetroot,OSLO,
OSUCLA,Good,,Osmunda,claytoniana,Osmundaceae,interrupted fern,OSCL2,
OSTVIR,Good,,Ostrya,virginiana,Betulaceae,hophornbeam,OSVI,
OXASTR,Good,,Oxalis,stricta,Oxalidaceae,common yellow oxalis,OXST,
OXAVIO,Good,,Oxalis,violacea,Oxalidaceae,violet woodsorrel,OXVI,
OXYRIG,Good,,Oxypolis,rigidior,Apiaceae,stiff cowbane,OXRI,
PACAUR,Good,,Packera,aurea,Asteraceae,golden ragwort,PAAU3,
PACPAU,Good,,Packera,paupercula,Asteraceae,balsam groundsel,PAPA20,
PANTRI,Good,,Panax,trifolius,Araliaceae,dwarf ginseng,PATR2,
PANVIR,Good,,Panicum,virgatum,Poaceae,switchgrass,PAVI2,
PARPEN,Good,,Parietaria,pensylvanica,Urticaceae,Pennsylvania pellitory,PAPE5,
PARGLA,Good,,Parnassia,glauca,Saxifragaceae,fen grass of Parnassus,PAGL3,
PARINT,Good,,Parthenium,integrifolium,Asteraceae,wild quinine,PAIN3,
PARQUI,Good,,Parthenocissus,quinquefolia,Vitaceae,Virginia creeper,PAQU2,
PASSAT,Good,,Pastinaca,sativa,Apiaceae,wild parsnip,PASA2,
PEDCAN,Good,,Pedicularis,canadensis,Scrophulariaceae,Canadian lousewort,PECA,
PEDLAN,Good,,Pedicularis,lanceolata,Scrophulariaceae,swamp lousewort,PELA2,
PEDARG,Good,,Pediomelum,argophyllum,Fabaceae,silverleaf Indian breadroot,PEAR6,
PEDESC,Good,,Pediomelum,esculentum,Fabaceae,large Indian breadroot,PEES,
PELATR,Good,,Pellaea,atropurpurea,Pteridaceae,purple cliffbrake,PEAT2,
PENGRA,Good,,Penstemon,gracilis,Scrophulariaceae,lilac penstemon,PEGR5,
DASFRU,Good,,Dasiphora,fructicosa,Rosaceae,shrubby cinquefoil,DAFR6,
PENSED,Good,,Penthorum,sedoides,Crassulaceae,ditch stonecrop,PESE6,
PERMAC,Good,,Persicaria,maculosa,Polygonaceae,spotted ladysthumb,POPE3,
PHAARU,Good,,Phalaris,arundinacea,Poaceae,reed canarygrass,PHAR3,
PHLPRA,Good,,Phleum,pratense,Poaceae,timothy,PHPR3,
PHLPAN,Good,,Phlox,paniculata,Polemoniaceae,fall phlox,PHPA9,
PHLPIL,Good,,Phlox,pilosa,Polemoniaceae,downy phlox,PHPI,
PHRLEP,Good,,Phryma,leptostachya,Verbenaceae,American lopseed,PHLE5,
PHYHET,Good,,Physalis,heterophylla,Solanaceae,clammy groundcherry,PHHE5,
PHYVIR,Good,,Physalis,virginiana,Solanaceae,Virginia groundcherry,PHVI5,
PHYOPU,Good,,Physocarpus,opulifolius,Rosaceae,common ninebark,PHOP,
PILPUM,Good,,Pilea,pumila,Urticaceae,Canadian clearweed,PIPU2,
PINSTR,Good,,Pinus,strobus,Pinaceae,eastern white pine,PIST,
PLALAN,Good,,Plantago,lanceolata,Plantaginaceae,narrowleaf plantain,PLLA,
PLAMAJ,Good,,Plantago,major,Plantaginaceae,common plantain,PLMA2,
PLAPAT,Good,,Plantago,patagonica,Plantaginaceae,woolly plantain,PLPA2,
PLARUG,Good,,Plantago,rugelii,Plantaginaceae,blackseed plantain,PLRU,
PLALEU,Good,,Platanthera,leucophaea,Orchidaceae,prairie white fringed orchid,PLLE2,
POACOM,Good,,Poa,compressa,Poaceae,Canada bluegrass,POCO,
POAPRA,Good,,Poa,pratensis,Poaceae,Kentucky bluegrass,POPR,
PODPEL,Good,,Podophyllum,peltatum,Berberidaceae,mayapple,POPE,
POLREP,Good,,Polemonium,reptans,Polemoniaceae,Greek valerian,PORE2,
POLPOL,Good,,Polygala,polygama,Polygalaceae,racemed milkwort,POPO,
POLSAN,Good,,Polygala,sanguinea,Polygalaceae,purple milkwort,POSA3,
POLSEN,Good,,Polygala,senega,Polygalaceae,Seneca snakeroot,POSE3,
POLVER,Good,,Polygala,verticillata,Polygalaceae,whorled milkwort,POVE,
POLBIF,Good,,Polygonatum,biflorum,Liliaceae,smooth Solomon's seal,POBI2,
POLPUB,Good,,Polygonatum,pubescens,Liliaceae,hairy Solomon's seal,POPU4,
FALCON,Absolute,POLCON,Fallopia,convolvulus,Polygonaceae,,,
POLVIR,Good,,Polypodium,virginianum,Polypodiaceae,rock polypody,POVI7,
POGVIR,Good,,Polygonum,virginianum,Polygonaceae,,POVI2,
POLNUT,Good,,Polytaenia,nuttallii,Apiaceae,Nuttall's prairie parsley,PONU4,
POPGRA,Good,,Populus,grandidentata,Salicaceae,bigtooth aspen,POGR4,
POPTRE,Good,,Populus,tremuloides,Salicaceae,quaking aspen,POTR5,
POPDEL,Good,,Populus,deltoides,Salicaceae,eastern cottonwood,PODED,
DRYARG,Good,,Drymocallis,arguta,Rosaceae,,,
POTCAN,Good,,Potentilla,canadensis,Rosaceae,dwarf cinquefoil,POCA17,
POTREC,Good,,Potentilla,recta,Rosaceae,sulphur cinquefoil,PORE5,
POTSIM,Good,,Potentilla,simplex,Rosaceae,common cinquefoil,POSI2,
PREALB,Good,,Prenanthes,alba,Asteraceae,white rattlesnakeroot,PRAL2,
PREASP,Good,,Prenanthes,aspera,Asteraceae,rough rattlesnakeroot,PRAS,
PRERAC,Good,,Prenanthes,racemosa,Asteraceae,purple rattlesnakeroot,PRRA,
PRUVUL,Good,,Prunella,vulgaris,Lamiaceae,common selfheal,PRVU,
PRUPEN,Good,,Prunus,pensylvanica,Rosaceae,pin cherry,PRPE2,
PRUPUM,Good,,Prunus,pumila,Rosaceae,sandcherry,PRPU3,
PRUSER,Good,,Prunus,serotina,Rosaceae,black cherry,PRSE2,
PRUVIR,Good,,Prunus,virginiana,Rosaceae,chokecherry,PRVI,
PTEAQU,Good,,Pteridium,aquilinum,Dennstaedtiaceae,western brackenfern,PTAQ,
PULPAT,Good,,Pulsatilla,patens,Ranunculaceae,eastern pasqueflower,PUPA5,
PYCVIR,Good,,Pycnanthemum,virginianum,Lamiaceae,Virginia mountainmint,PYVI,
PYRAME,Good,,Pyrola,americana,Pyrolaceae,American wintergreen,PYAM,
PYRELL,Good,,Pyrola,elliptica,Pyrolaceae,waxflower shinleaf,PYEL,
QUEALB,Good,,Quercus,alba,Fagaceae,white oak,QUAL,
QUEELL,Good,,Quercus,ellipsoidalis,Fagaceae,northern pin oak,QUEL,
QUEMAC,Good,,Quercus,macrocarpa,Fagaceae,bur oak,QUMA2,
QUERUB,Good,,Quercus,rubra,Fagaceae,red oak,QURU,
QUEVEL,Good,,Quercus,velutina,Fagaceae,black oak,QUVE,
RANABO,Good,,Ranunculus,abortivus,Ranunculaceae,littleleaf buttercup,RAAB,
RANFAS,Good,,Ranunculus,fascicularis,Ranunculaceae,early buttercup,RAFA,
RANREC,Good,,Ranunculus,recurvatus,Ranunculaceae,blisterwort,RARE2,
RATPIN,Good,,Ratibida,pinnata,Asteraceae,pinnate prairie coneflower,RAPI,
RHACAT,Good,,Rhamnus,cathartica,Rhamnaceae,common buckthorn,RHCA3,
FRAALN,Good,,Frangula,alnus,Rhamnaceae,glossy buckthorn,,
RHUGLA,Good,,Rhus,glabra,Anacardiaceae,smooth sumac,RHGL,
RHUTYP,Good,,Rhus,typhina,Anacardiaceae,staghorn sumac,RHTY,
RIBAME,Good,,Ribes,americanum,Grossulariaceae,American black currant,RIAM2,
RIBCYN,Good,,Ribes,cynosbati,Grossulariaceae,eastern prickly gooseberry,RICY,
RIBLAC,Good,,Ribes,lacustre,Grossulariaceae,prickly currant,RILA,
RIBMIS,Good,,Ribes,missouriense,Grossulariaceae,Missouri gooseberry,RIMI,
ROSBLA,Good,,Rosa,blanda,Rosaceae,smooth rose,ROBL,
ROSMUL,Good,,Rosa,multiflora,Rosaceae,multiflora rose,ROMU,
RUBALL,Good,,Rubus,allegheniensis,Rosaceae,Allegheny blackberry,RUAL,
RUBHIS,Good,,Rubus,hispidus,Rosaceae,bristly dewberry,RUHI,
RUBIDA,Good,,Rubus,idaeus,Rosaceae,American red raspberry,RUID,
RUBOCC,Good,,Rubus,occidentalis,Rosaceae,black raspberry,RUOC,
RUDHIR,Good,,Rudbeckia,hirta,Asteraceae,blackeyed Susan,RUHI2,
RUDLAC,Good,,Rudbeckia,laciniata,Asteraceae,cutleaf coneflower,RULA3,
RUDSUB,Good,,Rudbeckia,subtomentosa,Asteraceae,sweet coneflower,RUSU,
RUDTRI,Good,,Rudbeckia,triloba,Asteraceae,browneyed Susan,RUTR2,
RUMACE,Good,,Rumex,acetosella,Polygonaceae,common sheep sorrel,RUAC3,
RUMALT,Good,,Rumex,altissimus,Polygonaceae,pale dock,RUAL4,
RUMCRI,Good,,Rumex,crispus,Polygonaceae,curly dock,RUCR,
SALHUM,Good,,Salix,humilis,Salicaceae,prairie willow,SAHU2,
SAMCAN,Good,,Sambucus,canadensis,Caprifoliaceae,American black elderberry,SANIC4,
SANCAN,Good,,Sanguinaria,canadensis,Papaveraceae,bloodroot,SACA13,
SANODO,Good,,Sanicula,odorata,Apiaceae,clustered blacksnakeroot,SAOD,
SANMAR,Good,,Sanicula,marilandica,Apiaceae,Maryland sanicle,SAMA2,
SAPOFF,Good,,Saponaria,officinalis,Caryophyllaceae,bouncingbet,SAOF4,
MICPEN,Good,,Mircranthes,pensylvanica,Saxifragaceae,eastern swamp saxifrage,SAPE8,
SCLPER,Good,,Scleranthus,perennis,Caryophyllaceae,perennial knawel,SCPE5,
SCRLAN,Good,,Scrophularia,lanceolata,Scrophulariaceae,lanceleaf figwort,SCLA,
SCUPAR,Good,,Scutellaria,parvula,Lamiaceae,small skullcap,SCPA7,
SELRUP,Good,,Selaginella,rupestris,Selaginellaceae,northern selaginella,SERU,
SENAUR,Good,,Senecio,aureus,Asteraceae,golden ragwort,PAAU3,
SILANT,Good,,Silene,antirrhina,Caryophyllaceae,sleepy silene,SIAN2,
SILLAT,Good,,Silene,latifolia,Caryophyllaceae,bladder campion,SILA21,
SILSTE,Good,,Silene,stellata,Caryophyllaceae,widowsfrill,SIST,
SILVUL,Good,,Silene,vulgaris,Caryophyllaceae,maidenstears,SIVU,
SILINT,Good,,Silphium,integrifolium,Asteraceae,wholeleaf rosinweed,SIIN2,
SILLAC,Good,,Silphium,laciniatum,Asteraceae,compassplant,SILA3,
SILPER,Good,,Silphium,perfoliatum,Asteraceae,cup plant,SIPE2,
SILTER,Good,,Silphium,terebinthinaceum,Asteraceae,prairie rosinweed,SITE,
SINARV,Good,,Sinapis,arvensis,Brassicaceae,charlock mustard,SIAR4,
SISCAM,Good,,Sisyrinchium,campestre,Iridaceae,prairie blue-eyed grass,SICA9,
SIUSUA,Good,,Sium,suave,Apiaceae,hemlock waterparsnip,SISU2,
SMIECI,Good,,Smilax,ecirrhata,Smilacaceae,upright carrionflower,SMEC,
SMILAS,Good,,Smilax,lasioneura,Smilacaceae,Blue Ridge carrionflower,SMLA3,
SOLDUL,Good,,Solanum,dulcamara,Solanaceae,climbing nightshade,SODU,
SOLPTY,Good,,Solanum,ptycanthum,Solanaceae,West Indian nightshade,SOPT7,
SOLCAN,Good,,Solidago,canadensis,Asteraceae,Canada goldenrod,SOAL6,
SOLFLE,Good,,Solidago,flexicaulis,Asteraceae,zigzag goldenrod,SOFL2,
SOLGIG,Good,,Solidago,gigantea,Asteraceae,giant goldenrod,SOGI,
SOLJUN,Good,,Solidago,juncea,Asteraceae,early goldenrod,SOJU,
SOLMIS,Good,,Solidago,missouriensis,Asteraceae,Missouri Goldenrod,SOMI2,
SOLNEM,Good,,Solidago,nemoralis,Asteraceae,gray goldenrod,SONE,
SOLOHI,Good,,Solidago,ohioense,Asteraceae,Ohio goldenrod,OLOH,
SOLPTA,Good,,Solidago,ptarmicoides,Asteraceae,prairie goldenrod,OLAL2,
SOLRID,Good,,Solidago,riddellii,Asteraceae,Riddell's goldenrod,OLRI2,
SOLRIG,Good,,Solidago,rigidum,Asteraceae,stiff goldenrod,OLRI,
SOLSPE,Good,,Solidago,speciosa,Asteraceae,showy goldenrod,SOSP2,
SOLULM,Good,,Solidago,ulmifolia,Asteraceae,elmleaf goldenrod,SOUL2,
SONASP,Good,,Sonchus,asper,Asteraceae,spiny sowthistle,SOAS,
SORNUT,Good,,Sorghastrum,nutans,Poaceae,Indiangrass,SONU2,
SPAPEC,Good,,Spartina,pectinata,Poaceae,prairie cordgrass,SPPE,
SPIALB,Good,,Spiraea,alba,Rosaceae,white meadowsweet,SPAL2,
SPICER,Good,,Spiranthes,cernua,Orchidaceae,nodding lady's tresses,SPCE,
SPOCRY,Good,,Sporobolus,cryptandrus,Poaceae,sand dropseed,SPCR,
SPOHET,Good,,Sporobolus,heterolepis,Poaceae,prairie dropseed,SPHE,
SPOVAG,Good,,Sporobolus,vaginiflorus,Poaceae,poverty dropseed,SPVA,
STAPAL,Good,,Stachys,palustris,Lamiaceae,marsh hedgenettle,STPA,
STATRI,Good,,Staphylea,trifolia,Staphyleaceae,American bladdernut,STTR,
STEMED,Good,,Stellaria,media,Caryophyllaceae,common chickweed,STME2,
HESSPA,Good,,Hesperostipa,spartea,Poaceae,porcupinegrass,HESP11,
SYMOCC,Good,,Symphoricarpos,occidentalis,Caprifoliaceae,western snowberry,SYOC,
SYMCIL,Good,,Symphyotrichum,ciliolatum,Asteraceae,Lindley's aster,SYCI,
SYMERI,Good,,Symphyotrichum,ericoides,Asteraceae,white heath aster,SYER,
SYMPUN,Good,,Symphyotrichum,puniceum,Asteraceae,purplestem aster,SYPUP,
SYMLAN,Good,,Symphyotrichum,lanceolatum,Asteraceae,white panicle aster,SYLA6,
SYMLAT,Good,,Symphyotrichum,lateriflorum,Asteraceae,calico aster,SYLA4,
SYMNOV,Good,,Symphyotrichum,novae-angliae,Asteraceae,New England aster,SYNO2,
SYMPIL,Good,,Symphyotrichum,pilosum,Asteraceae,hairy white oldfield aster,SYPI2,
SYMPRE,Good,,Symphyotrichum,prenanthoides,Asteraceae,crookedstem aster,SYPR6,
SYMURO,Good,,Symphyotrichum,urophyllum,Asteraceae,white arrowleaf aster,SYUR,
TAEINT,Good,,Taenidia,integerrima,Apiaceae,yellow pimpernel,TAIN,
PHERUG,Good,,Phemeranthus,rugospermus,Portulacaceae,prairie fameflower,PHRU8,
TAROFF,Good,,Taraxacum,officinale,Asteraceae,common dandelion,TAOF,
TEPVIR,Good,,Tephrosia,virginiana,Fabaceae,Virginia tephrosia,TEVI,
TEUCAN,Good,,Teucrium,canadense,Lamiaceae,Canada germander,TECA3,
THADAS,Good,,Thalictrum,dasycarpum,Ranunculaceae,purple meadow-rue,THDA,
THADIO,Good,,Thalictrum,dioicum,Ranunculaceae,early meadow-rue,THDI,
THATRI,Good,,Thaspium,trifoliatum,Apiaceae,purple meadowparsnip,THTR,
THEPAL,Good,,Thelypteris,palustris,Thelypteridaceae,eastern marsh fern,THPA,
THLARV,Good,,Thlaspi,arvense,Brassicaceae,field pennycress,THAR5,
TILAME,Good,,Tilia,americana,Tiliaceae,American basswood,TIAM,
TORJAP,Good,,Torilis,japonica,Apiaceae,erect hedgeparsley,TOJA,
TOXRAD,Good,,Toxicodendron,radicans,Anacardiaceae,eastern poison ivy,TORA2,
TRAOHI,Good,,Tradescantia,ohiensis,Commelinaceae,bluejacket,TROH,
TRADUB,Good,,Tragopogon,dubius,Asteraceae,yellow salsify,TRDU,
TRIBOR,Good,,Trientalis,borealis,Primulaceae,starflower,TRBO2,
TRIPRA,Good,,Trifolium,pratense,Fabaceae,red clover,TRPR2,
TRIREP,Good,,Trifolium,repens,Fabaceae,white clover,TRRE3,
TRIGRA,Good,,Trillium,grandiflorum,Liliaceae,white trillium,TRGR4,
TRIPER,Good,,Triodanis,perfoliata,Campanulaceae,clasping Venus' looking-glass,TRPE4,
TRIPEF,Good,,Triosteum,perfoliatum,Caprifoliaceae,feverwort,TRPE5,
TYPLAT,Good,,Typha,latifolia,Typhaceae,broadleaf cattail,TYLA,
ULMAME,Good,,Ulmus,americana,Ulmaceae,American elm,ULAM,
ULMRUB,Good,,Ulmus,rubra,Ulmaceae,slippery elm,ULRU,
URTDIO,Good,,Urtica,dioica,Urticaceae,stinging nettle,URDI,
UVUGRA,Good,,Uvularia,grandiflora,Liliaceae,largeflower bellwort,UVGR,
VACANG,Good,,Vaccinium,angustifolium,Ericaceae,lowbush blueberry,VAAN,
VALEDU,Good,,Valeriana,edulis,Valerianaceae,tobacco root,VAED,
VERTHA,Good,,Verbascum,thapsus,Scrophulariaceae,common mullein,VETH,
VERHAS,Good,,Verbena,hastata,Verbenaceae,swamp verbena,VEHA2,
VERSTR,Good,,Verbena,stricta,Verbenaceae,hoary verbena,VEST,
VERFAS,Good,,Vernonia,fasciculata,Asteraceae,prairie ironweed,VEFA2,
VERVIR,Good,,Veronicastrum,virginicum,Scrophulariaceae,Culver's root,VEVI4,
VIBLEN,Good,,Viburnum,lentago,Caprifoliaceae,nannyberry,VILE,
VIBRAF,Good,,Viburnum,rafinesqueanum,Caprifoliaceae,downy arrowwood,VIRA,
VICAME,Good,,Vicia,americana,Fabaceae,American vetch,VIAM,
VICCAR,Good,,Vicia,caroliniana,Fabaceae,Carolina vetch,VICA2,
VICSAT,Good,,Vicia,sativa,Fabaceae,garden vetch,VISA,
VICVIL,Good,,Vicia,villosa,Fabaceae,winter vetch,VIVI,
VIOLAB,Good,,Viola,labradorica,Violaceae,alpine violet,VILA10,
VIOCUC,Good,,Viola,cucullata,Violaceae,marsh blue violet,VICU,
VIOPED,Good,,Viola,pedata,Violaceae,birdfoot violet,VIPE,
VIOPTF,Good,,Viola,pedatifida,Violaceae,prairie violet,VIPE2,
VIOPUB,Good,,Viola,pubescens,Violaceae,downy yellow violet,VIPU3,
VIOSAG,Good,,Viola,sagittata,Violaceae,arrowleaf violet,VISA2,
VIOSOR,Good,,Viola,sororia,Violaceae,common blue violet,VISO,
VITRIP,Good,,Vitis,riparia,Vitaceae,river grape,VIRI,
WOOILV,Good,,Woodsia,ilvensis,Dryopteridaceae,rusty woodsia,WOIL,
ZANAME,Good,,Zanthoxylum,americanum,Rutaceae,prickly ash,ZAAM,
ZIGELE,Good,,Zigadenus,elegans,Liliaceae,mountain deathcamas,ZIEL2,
ZIZAPT,Good,,Zizia,aptera,Apiaceae,meadow zizia,ZIAP,
ZIZAUR,Good,,Zizia,aurea,Apiaceae,golden zizia,ZIAU,
ASTVIR,Good,,,,,,,no species name can be found
CALSPI,Good,,Calystegia,spithamaea,Convolvulaceae,low bindweed,CASP14,
CAROCC,Good,,,,,,,no species name can be found
CARRAD,Good,,,,,,,no species name can be found
MELOFF,Good,,Melilotus,officinalis,Fabaceae,yellow sweetclover,MEOF,
HELHIR,Good,,Helianthus,hirsutus,Asteraceae,hairy sunflower,HEHI2,
MEDLUP,Good,,Medicago,lupulina,Fabaceae,black medick,MELU,
HIECAE,Good,,Hieracium,caespitosum,Asteraceae,meadow hawkweed,HICA10,
PHYLON,Good,,Physalis,longifolia,Solanaceae,longleaf groundcherry,PHLO4,
SOLCAR,Good,,Solanum,carolinense,Solanaceae,carolina horsenettle,SOCA3,
HELBIC,Good,,Helianthemum,bicknellii,Cistaceae,hoary frostweed,HEBI2,
ROSARK,Good,,Rosa,arkansana,Rosaceae,prairie rose,ROAR3,
AURPED,Good,,Aureolaria,pedicularia,Scrophulariaceae,fernleaf yellow false foxglove,AUPE2,
ANTNEG,Good,,Antennaria,neglecta,Asteraceae,field pussytoes,ANNE,
CONARV,Good,,Convolvulus,arvensis,Convolvulaceae,field bindweed,COAR4,
BROARV,Good,,Bromus,arvensis,Poaceae,field brome,BRAR5,
ROBPSE,Good,,Robinia,pseudoacacia,Fabaceae,black locust,ROPS,
PENDIG,Good,,Penstemon,digitalis,Scrophulariaceae,foxglove beardtongue,PEDI,
BOECYL,Good,,Boehmeria,cylindrica,Urticaceae,smallspike false nettle,BOCY,
VIOMAC,Good,,Viola,macloskeyi,Violaceae,small white violet,VIMA2,
ANTPLA,Good,,Antennaria,plantaginifolia,Asteraceae,woman's tabacco,ANPL,
CALPAL,Good,,Caltha,palustris,Ranunculaceae,yellow marsh marigold,CAPA5,
CARUMB,Good,,Carex,umbelllata,Cyperaceae,parasol sedge,CAUM4,
CARPAL,Good,,Carex,pallescens,Cyperaceae,pale sedge,CAPA17,
KRIVIR,Good,,Krigia,virginica,Asteraceae,virginia dwarfdandelion,KRVI,
SALPED,Good,,Salix,pedicellaris,Salicaceae,bog willow,SAPE2,
CERFON,Good,,Cerastium,fontanum,Caryophyllaceae,common mouse-ear chickweed,CEFO2,
CARTEN,Good,,Carex,tenera,Cyperaceae,quill sedge,CATE3,
CARGRA,Good,,Carex,gravida,Cyperaceae,heavy sedge,CAGR4,
TRAPRA,Good,,Tragopogon,pratensis,Asteraceae,Jack-go-to-bed-at-noon,TRPR,
TRIAUR,Good,,Triosetum,aurantiacum,Caprifoliaceae,orangefruit horse-gentian,TRAU4,
